source_label,source_relative_path,action,canonical_relative_path,sha256,size_bytes
memory-self-calibrating-diffractive-ncomms,drive-index.md,copied,archive/legacy_imports/memory-self-calibrating-diffractive-ncomms/drive-index.md,2632b5076342bb97ebd2af86d9e092f6736071b9831dc937be3cbed7b38c378d,2422
memory-self-calibrating-diffractive-ncomms,role-assignments.md,copied,archive/legacy_imports/memory-self-calibrating-diffractive-ncomms/role-assignments.md,160585cfd2ad537a623b0fcfdf43b12eb2974c8ee495efc2795b2bc3b2c48233,3492
memory-self-calibrating-diffractive-ncomms,manuscript-writing-launch-2026-04-27.md,copied,archive/legacy_imports/memory-self-calibrating-diffractive-ncomms/manuscript-writing-launch-2026-04-27.md,0675f3d2735c9e545486c3c0bb38c9205dff3a1e362365d09fdeb1d41bc9a0c5,2136
memory-self-calibrating-diffractive-ncomms,reference-ledger-v1.md,copied,archive/legacy_imports/memory-self-calibrating-diffractive-ncomms/reference-ledger-v1.md,aa070a8671826c07cb5c6ae189aff34fac9001466f80aee5889dda628dae59ac,7576
memory-self-calibrating-diffractive-ncomms,project-state.md,copied,archive/legacy_imports/memory-self-calibrating-diffractive-ncomms/project-state.md,c7fccfd2d1b4d26daa9a281c384bf50ee6c633f6c83b14abe476a34b95aa431a,6255
memory-self-calibrating-diffractive-ncomms,iteration-log.md,copied,archive/legacy_imports/memory-self-calibrating-diffractive-ncomms/iteration-log.md,21efd7d2f43611f83a83de4af94b51f6b53bafd624750d7d05a3b5bf04cf96d5,2699
memory-self-calibrating-diffractive-ncomms,review-round-manuscript-v1-strict.md,copied,archive/legacy_imports/memory-self-calibrating-diffractive-ncomms/review-round-manuscript-v1-strict.md,baf1cf4689a6dcea7399ad8595c5871614044e29a9f7e4854fa2f4b360db3ad4,2848
memory-self-calibrating-diffractive-ncomms,iteration-round-2026-04-29.md,copied,archive/legacy_imports/memory-self-calibrating-diffractive-ncomms/iteration-round-2026-04-29.md,c7a078437ce61a47e56e097dec3dae0b08fd77eea6d75ad2dc917326acadffc3,2012
memory-self-calibrating-diffractive-ncomms,journal-criteria.md,copied,archive/legacy_imports/memory-self-calibrating-diffractive-ncomms/journal-criteria.md,ac662b88c2e50c5bde2dbe197c1d65bfd391195771cd874dae56ac6a9890f095,1733
memory-self-calibrating-diffractive-ncomms,manuscript-v0-structure.md,copied,archive/legacy_imports/memory-self-calibrating-diffractive-ncomms/manuscript-v0-structure.md,1dd43c71cee5c12963289e157293fc3baeb302b2455f250ff9ed2d2ce9d14345,12451
memory-self-calibrating-diffractive-ncomms,manuscript-v1-strict.md,copied,archive/legacy_imports/memory-self-calibrating-diffractive-ncomms/manuscript-v1-strict.md,4bf4c115f7f975d5cb301dbe569e5dd4cee25d06fc521bd4ac16ab78a8b3a5a7,23084
memory-self-calibrating-diffractive-ncomms,supervision-log.md,copied,archive/legacy_imports/memory-self-calibrating-diffractive-ncomms/supervision-log.md,bc090c9dc43762d91ee16e1dd8fead603a1f5e4c5a61513865226e7aad4d0c26,3120
memory-self-calibrating-diffractive-ncomms,review-history.md,copied,archive/legacy_imports/memory-self-calibrating-diffractive-ncomms/review-history.md,2eac8c467e4cdd5ffa7aa225db894a66484c725680eb95e2d0d2628c145bad44,8349
memory-self-calibrating-diffractive-ncomms,archive-checklist.md,copied,archive/legacy_imports/memory-self-calibrating-diffractive-ncomms/archive-checklist.md,8c394d3b2bc58ecf7be94c154dfd4866c6326b305e234f4d84e6b32f5e2d8757,6705
tmp-self-calibrating-diffractive-ncomms,long-term-space-pointer.md,copied,archive/legacy_imports/tmp-self-calibrating-diffractive-ncomms/long-term-space-pointer.md,ea21bae49433d3e40a4223df8e91018fc52bbf872397efbaa70c453f0c0d9fa8,736
tmp-self-calibrating-diffractive-ncomms,drive-index.md,copied,archive/legacy_imports/tmp-self-calibrating-diffractive-ncomms/drive-index.md,bff3cf90e40c2495329b06c653d8b8443ae139e762cdecfc2be7e99415f258df,4310
tmp-self-calibrating-diffractive-ncomms,role-assignments.md,copied,archive/legacy_imports/tmp-self-calibrating-diffractive-ncomms/role-assignments.md,78a61b1578ba41213707e16db50862afcb0e43a0e7f1bf348c5bcf33d6708f81,3455
tmp-self-calibrating-diffractive-ncomms,manuscript-writing-launch-2026-04-27.md,duplicate-by-hash,archive/legacy_imports/memory-self-calibrating-diffractive-ncomms/manuscript-writing-launch-2026-04-27.md,0675f3d2735c9e545486c3c0bb38c9205dff3a1e362365d09fdeb1d41bc9a0c5,2136
tmp-self-calibrating-diffractive-ncomms,wrong-reference-design-v2.md,copied,archive/legacy_imports/tmp-self-calibrating-diffractive-ncomms/wrong-reference-design-v2.md,08bf777c699220c65fa30b91b5a5e7766860c5f1d1b31216cdce173117fe347b,2648
tmp-self-calibrating-diffractive-ncomms,reference-ledger-v1.md,duplicate-by-hash,archive/legacy_imports/memory-self-calibrating-diffractive-ncomms/reference-ledger-v1.md,aa070a8671826c07cb5c6ae189aff34fac9001466f80aee5889dda628dae59ac,7576
tmp-self-calibrating-diffractive-ncomms,neural-operator-formalism-note.md,copied,archive/legacy_imports/tmp-self-calibrating-diffractive-ncomms/neural-operator-formalism-note.md,d8608f091e698d93141ce2e0e94d6ec5c2c5f540262ef2e27c1f05ed1ea0dbb0,3759
tmp-self-calibrating-diffractive-ncomms,project-state.md,copied,archive/legacy_imports/tmp-self-calibrating-diffractive-ncomms/project-state.md,465c5df285134618553006c0f90a3f498002c8c9383179e6b92f77d9022fce3b,15959
tmp-self-calibrating-diffractive-ncomms,iteration-log.md,copied,archive/legacy_imports/tmp-self-calibrating-diffractive-ncomms/iteration-log.md,bc7e3d6bdf31a2a0a28a4f1e673f347e88a2664c973b9e6451506dc10894fcdf,37943
tmp-self-calibrating-diffractive-ncomms,review-round-manuscript-v1-strict.md,duplicate-by-hash,archive/legacy_imports/memory-self-calibrating-diffractive-ncomms/review-round-manuscript-v1-strict.md,baf1cf4689a6dcea7399ad8595c5871614044e29a9f7e4854fa2f4b360db3ad4,2848
tmp-self-calibrating-diffractive-ncomms,iteration-round-2026-04-29.md,copied,archive/legacy_imports/tmp-self-calibrating-diffractive-ncomms/iteration-round-2026-04-29.md,3e21abccd04e237ce12515fa65bb2f8de00bcba89eb36ff7d6d7036586471652,2211
tmp-self-calibrating-diffractive-ncomms,journal-criteria.md,duplicate-by-hash,archive/legacy_imports/memory-self-calibrating-diffractive-ncomms/journal-criteria.md,ac662b88c2e50c5bde2dbe197c1d65bfd391195771cd874dae56ac6a9890f095,1733
tmp-self-calibrating-diffractive-ncomms,manuscript-v0-structure.md,duplicate-by-hash,archive/legacy_imports/memory-self-calibrating-diffractive-ncomms/manuscript-v0-structure.md,1dd43c71cee5c12963289e157293fc3baeb302b2455f250ff9ed2d2ce9d14345,12451
tmp-self-calibrating-diffractive-ncomms,manuscript-v1-strict.md,copied,archive/legacy_imports/tmp-self-calibrating-diffractive-ncomms/manuscript-v1-strict.md,4ce43a2618f10b1191227a145b7c8cc71c027fdd8543e42ed1f245868032e5f9,27372
tmp-self-calibrating-diffractive-ncomms,supervision-log.md,copied,archive/legacy_imports/tmp-self-calibrating-diffractive-ncomms/supervision-log.md,553d8a4f08f4d43c5c17afa73a4217e3e29e113e393cebf0d054685900cc0f98,7775
tmp-self-calibrating-diffractive-ncomms,review-history.md,duplicate-by-hash,archive/legacy_imports/memory-self-calibrating-diffractive-ncomms/review-history.md,2eac8c467e4cdd5ffa7aa225db894a66484c725680eb95e2d0d2628c145bad44,8349
tmp-self-calibrating-diffractive-ncomms,archive-checklist.md,copied,archive/legacy_imports/tmp-self-calibrating-diffractive-ncomms/archive-checklist.md,f2b68dfac12fbf3e766327a171a3ce4b3bb2084cbd82fb3852f49c2646c812c3,6940
tmp-self-calibrating-diffractive-ncomms,figure5_caption_package.md,copied,archive/legacy_imports/tmp-self-calibrating-diffractive-ncomms/figure5_caption_package.md,31dd51abe211c2273e27a09cde2062c9726a553fed6011671e2f0167229d0e52,2448
tmp-self-calibrating-diffractive-ncomms,results/README.md,copied,archive/legacy_imports/tmp-self-calibrating-diffractive-ncomms/results/README.md,2eda5574c99ebc2646a8b7746e1eeff7bbfa3f59c291f1f171b059e8031f6a7e,653
tmp-self-calibrating-diffractive-ncomms,results/round6/round6_numpy_passive_d2nn_summary.md,copied,archive/legacy_imports/tmp-self-calibrating-diffractive-ncomms/results/round6/round6_numpy_passive_d2nn_summary.md,b80ddcf5113acde3172b0113bd74ef27da896fdeab0133d5fe904773e1198f64,414
tmp-self-calibrating-diffractive-ncomms,results/round6/round6_numpy_passive_d2nn_metrics.csv,copied,archive/legacy_imports/tmp-self-calibrating-diffractive-ncomms/results/round6/round6_numpy_passive_d2nn_metrics.csv,552fb3a3e65f9ba1c81a4c62f2225c8aab5ce8e35a9bcce0aa95cb2c6d995524,1638
tmp-self-calibrating-diffractive-ncomms,results/round6/round6_numpy_passive_d2nn_summary.json,copied,archive/legacy_imports/tmp-self-calibrating-diffractive-ncomms/results/round6/round6_numpy_passive_d2nn_summary.json,aa0272367a01a8a7f16a58a1356d572d173b5593c5556a26bece7c51bbc4909a,1711
tmp-self-calibrating-diffractive-ncomms,results/round6/environment_smoke_test.md,copied,archive/legacy_imports/tmp-self-calibrating-diffractive-ncomms/results/round6/environment_smoke_test.md,929c5fea2d0462ed6f085f05d8161e9761a377bfb0448dc48f402a9465aa1d2c,314
tmp-self-calibrating-diffractive-ncomms-20260429-134216,space-manifest.md,copied,archive/legacy_imports/tmp-self-calibrating-diffractive-ncomms-20260429-134216/space-manifest.md,1bbd0f72f26703048cac84f6d1a1651f29b767065b9dd1075be67cffa04ba322,733
tmp-self-calibrating-diffractive-ncomms-20260429-134216,drive-index.md,duplicate-by-hash,archive/legacy_imports/tmp-self-calibrating-diffractive-ncomms/drive-index.md,bff3cf90e40c2495329b06c653d8b8443ae139e762cdecfc2be7e99415f258df,4310
tmp-self-calibrating-diffractive-ncomms-20260429-134216,role-assignments.md,duplicate-by-hash,archive/legacy_imports/tmp-self-calibrating-diffractive-ncomms/role-assignments.md,78a61b1578ba41213707e16db50862afcb0e43a0e7f1bf348c5bcf33d6708f81,3455
tmp-self-calibrating-diffractive-ncomms-20260429-134216,manuscript-writing-launch-2026-04-27.md,duplicate-by-hash,archive/legacy_imports/memory-self-calibrating-diffractive-ncomms/manuscript-writing-launch-2026-04-27.md,0675f3d2735c9e545486c3c0bb38c9205dff3a1e362365d09fdeb1d41bc9a0c5,2136
tmp-self-calibrating-diffractive-ncomms-20260429-134216,wrong-reference-design-v2.md,duplicate-by-hash,archive/legacy_imports/tmp-self-calibrating-diffractive-ncomms/wrong-reference-design-v2.md,08bf777c699220c65fa30b91b5a5e7766860c5f1d1b31216cdce173117fe347b,2648
tmp-self-calibrating-diffractive-ncomms-20260429-134216,reference-ledger-v1.md,duplicate-by-hash,archive/legacy_imports/memory-self-calibrating-diffractive-ncomms/reference-ledger-v1.md,aa070a8671826c07cb5c6ae189aff34fac9001466f80aee5889dda628dae59ac,7576
tmp-self-calibrating-diffractive-ncomms-20260429-134216,workspace-artifacts-manifest.md,copied,archive/legacy_imports/tmp-self-calibrating-diffractive-ncomms-20260429-134216/workspace-artifacts-manifest.md,cf19c8c19d08edcc2848e12e314c647a705daac1b97f5e270409a7c92b920a1a,6682
tmp-self-calibrating-diffractive-ncomms-20260429-134216,neural-operator-formalism-note.md,duplicate-by-hash,archive/legacy_imports/tmp-self-calibrating-diffractive-ncomms/neural-operator-formalism-note.md,d8608f091e698d93141ce2e0e94d6ec5c2c5f540262ef2e27c1f05ed1ea0dbb0,3759
tmp-self-calibrating-diffractive-ncomms-20260429-134216,project-state.md,duplicate-by-hash,archive/legacy_imports/tmp-self-calibrating-diffractive-ncomms/project-state.md,465c5df285134618553006c0f90a3f498002c8c9383179e6b92f77d9022fce3b,15959
tmp-self-calibrating-diffractive-ncomms-20260429-134216,iteration-log.md,duplicate-by-hash,archive/legacy_imports/tmp-self-calibrating-diffractive-ncomms/iteration-log.md,bc7e3d6bdf31a2a0a28a4f1e673f347e88a2664c973b9e6451506dc10894fcdf,37943
tmp-self-calibrating-diffractive-ncomms-20260429-134216,review-round-manuscript-v1-strict.md,duplicate-by-hash,archive/legacy_imports/memory-self-calibrating-diffractive-ncomms/review-round-manuscript-v1-strict.md,baf1cf4689a6dcea7399ad8595c5871614044e29a9f7e4854fa2f4b360db3ad4,2848
tmp-self-calibrating-diffractive-ncomms-20260429-134216,code-snapshot-manifest.md,copied,archive/legacy_imports/tmp-self-calibrating-diffractive-ncomms-20260429-134216/code-snapshot-manifest.md,8f9c4bb0ecf28a1c98e340592c7873e9c0a8cb8e235607eac3f62004696ca328,1194
tmp-self-calibrating-diffractive-ncomms-20260429-134216,iteration-round-2026-04-29.md,duplicate-by-hash,archive/legacy_imports/tmp-self-calibrating-diffractive-ncomms/iteration-round-2026-04-29.md,3e21abccd04e237ce12515fa65bb2f8de00bcba89eb36ff7d6d7036586471652,2211
tmp-self-calibrating-diffractive-ncomms-20260429-134216,journal-criteria.md,duplicate-by-hash,archive/legacy_imports/memory-self-calibrating-diffractive-ncomms/journal-criteria.md,ac662b88c2e50c5bde2dbe197c1d65bfd391195771cd874dae56ac6a9890f095,1733
tmp-self-calibrating-diffractive-ncomms-20260429-134216,manuscript-v0-structure.md,duplicate-by-hash,archive/legacy_imports/memory-self-calibrating-diffractive-ncomms/manuscript-v0-structure.md,1dd43c71cee5c12963289e157293fc3baeb302b2455f250ff9ed2d2ce9d14345,12451
tmp-self-calibrating-diffractive-ncomms-20260429-134216,README.md,copied,archive/legacy_imports/tmp-self-calibrating-diffractive-ncomms-20260429-134216/README.md,b32453099e3fa68714a4ab0699d0cd58d380320c75287aec322864c4269662e9,1281
tmp-self-calibrating-diffractive-ncomms-20260429-134216,manuscript-v1-strict.md,duplicate-by-hash,archive/legacy_imports/tmp-self-calibrating-diffractive-ncomms/manuscript-v1-strict.md,4ce43a2618f10b1191227a145b7c8cc71c027fdd8543e42ed1f245868032e5f9,27372
tmp-self-calibrating-diffractive-ncomms-20260429-134216,supervision-log.md,duplicate-by-hash,archive/legacy_imports/tmp-self-calibrating-diffractive-ncomms/supervision-log.md,553d8a4f08f4d43c5c17afa73a4217e3e29e113e393cebf0d054685900cc0f98,7775
tmp-self-calibrating-diffractive-ncomms-20260429-134216,review-history.md,duplicate-by-hash,archive/legacy_imports/memory-self-calibrating-diffractive-ncomms/review-history.md,2eac8c467e4cdd5ffa7aa225db894a66484c725680eb95e2d0d2628c145bad44,8349
tmp-self-calibrating-diffractive-ncomms-20260429-134216,archive-checklist.md,duplicate-by-hash,archive/legacy_imports/tmp-self-calibrating-diffractive-ncomms/archive-checklist.md,f2b68dfac12fbf3e766327a171a3ce4b3bb2084cbd82fb3852f49c2646c812c3,6940
tmp-self-calibrating-diffractive-ncomms-20260429-134216,figure5_caption_package.md,duplicate-by-hash,archive/legacy_imports/tmp-self-calibrating-diffractive-ncomms/figure5_caption_package.md,31dd51abe211c2273e27a09cde2062c9726a553fed6011671e2f0167229d0e52,2448
tmp-self-calibrating-diffractive-ncomms-20260429-134216,artifacts/README.md,copied,archive/legacy_imports/tmp-self-calibrating-diffractive-ncomms-20260429-134216/artifacts/README.md,5626f0bdee7083f33eef536a62fcbe40eb046aad9f448b76d72e4cdc61382c18,606
tmp-self-calibrating-diffractive-ncomms-20260429-134216,code/README.md,copied,archive/legacy_imports/tmp-self-calibrating-diffractive-ncomms-20260429-134216/code/README.md,160b813dbb738670752c4505bb216c05b2bde16c5d1863f59062e75ea0578800,365
tmp-self-calibrating-diffractive-ncomms-20260429-134216,artifacts/workspace-output/extdata_fig2_log_summary.csv,copied,archive/legacy_imports/tmp-self-calibrating-diffractive-ncomms-20260429-134216/artifacts/workspace-output/extdata_fig2_log_summary.csv,4fe145c6d038d61debaefdeefe7dd1ec20fa9155c5e008e14983b1aa432c25d0,1402
tmp-self-calibrating-diffractive-ncomms-20260429-134216,artifacts/workspace-output/sc-don-drive-sync-status.json,copied,archive/legacy_imports/tmp-self-calibrating-diffractive-ncomms-20260429-134216/artifacts/workspace-output/sc-don-drive-sync-status.json,4d8f3793d0a1ad93138b69dade61f4837a40be46746ec2c1101ffaf3db555b25,1561
tmp-self-calibrating-diffractive-ncomms-20260429-134216,artifacts/workspace-output/self-calibrating-diffractive-ncomms-supplementary-fixed.pdf,copied,archive/legacy_imports/tmp-self-calibrating-diffractive-ncomms-20260429-134216/artifacts/workspace-output/self-calibrating-diffractive-ncomms-supplementary-fixed.pdf,00f97aa5664be3a9a452596b2a12f0489271bf63467c90d5c3d1a9c08f7cf201,9872
tmp-self-calibrating-diffractive-ncomms-20260429-134216,artifacts/workspace-output/self-calibrating-diffractive-ncomms-supplementary.pdf,copied,archive/legacy_imports/tmp-self-calibrating-diffractive-ncomms-20260429-134216/artifacts/workspace-output/self-calibrating-diffractive-ncomms-supplementary.pdf,cf5b12fc354732b5e373b7d2cfc6aaeaed493e6d9e8691bcab4cb8eb0e2f2dd6,10147
tmp-self-calibrating-diffractive-ncomms-20260429-134216,artifacts/workspace-output/cross_domain_demonstration_summary.csv,copied,archive/legacy_imports/tmp-self-calibrating-diffractive-ncomms-20260429-134216/artifacts/workspace-output/cross_domain_demonstration_summary.csv,c7dbfc5c5f2a07b4c016bc3fc0a111ea8eb94b265d1bde30f2e970c367348174,732
tmp-self-calibrating-diffractive-ncomms-20260429-134216,artifacts/workspace-output/sc-don-drive-sync-summary.md,copied,archive/legacy_imports/tmp-self-calibrating-diffractive-ncomms-20260429-134216/artifacts/workspace-output/sc-don-drive-sync-summary.md,0698d33b5ff950f82114f958474a753fb36fba30463365cb1de0545b5f4a5722,345
tmp-self-calibrating-diffractive-ncomms-20260429-134216,artifacts/workspace-output/sc-don-drive-sync-manifest-latest.csv,copied,archive/legacy_imports/tmp-self-calibrating-diffractive-ncomms-20260429-134216/artifacts/workspace-output/sc-don-drive-sync-manifest-latest.csv,3b67dbc2dc6499fd89be8cf0579e725a4db3e99bc73ca90b9502c50c6a575481,9063
tmp-self-calibrating-diffractive-ncomms-20260429-134216,artifacts/workspace-output/sc-don-drive-sync-manifest-2026-04-29.csv,duplicate-by-hash,archive/legacy_imports/tmp-self-calibrating-diffractive-ncomms-20260429-134216/artifacts/workspace-output/sc-don-drive-sync-manifest-latest.csv,3b67dbc2dc6499fd89be8cf0579e725a4db3e99bc73ca90b9502c50c6a575481,9063
tmp-self-calibrating-diffractive-ncomms-20260429-134216,artifacts/project-outputs/round17_structural_confirm_summary.json,copied,archive/legacy_imports/tmp-self-calibrating-diffractive-ncomms-20260429-134216/artifacts/project-outputs/round17_structural_confirm_summary.json,c2882420d2becfaec0f89afff8fd1c1b7e06d673eb7c64d29dccd949d8065ac3,491
tmp-self-calibrating-diffractive-ncomms-20260429-134216,artifacts/project-outputs/round15_risk_rescan_summary.md,copied,archive/legacy_imports/tmp-self-calibrating-diffractive-ncomms-20260429-134216/artifacts/project-outputs/round15_risk_rescan_summary.md,43a1cab28e49a7fe32ccc30d1df45acea1d800e4f30573dc4e395ab6936feaf9,569
tmp-self-calibrating-diffractive-ncomms-20260429-134216,artifacts/project-outputs/round10_antiphase_top.csv,copied,archive/legacy_imports/tmp-self-calibrating-diffractive-ncomms-20260429-134216/artifacts/project-outputs/round10_antiphase_top.csv,94ac59fc025b75926bf70dfbe33f97cba9e38512b53f3c076259d8d52a4f05ce,1135
tmp-self-calibrating-diffractive-ncomms-20260429-134216,artifacts/project-outputs/round6_numpy_passive_d2nn_summary.md,duplicate-by-hash,archive/legacy_imports/tmp-self-calibrating-diffractive-ncomms/results/round6/round6_numpy_passive_d2nn_summary.md,b80ddcf5113acde3172b0113bd74ef27da896fdeab0133d5fe904773e1198f64,414
tmp-self-calibrating-diffractive-ncomms-20260429-134216,artifacts/project-outputs/round18_expanded_ood_summary.md,copied,archive/legacy_imports/tmp-self-calibrating-diffractive-ncomms-20260429-134216/artifacts/project-outputs/round18_expanded_ood_summary.md,4714b0a4a4350bf8334da6088f310fcfef1f31892843c794321f1a45178cfb63,527
tmp-self-calibrating-diffractive-ncomms-20260429-134216,artifacts/project-outputs/round15_risk_rescan_detail.csv,copied,archive/legacy_imports/tmp-self-calibrating-diffractive-ncomms-20260429-134216/artifacts/project-outputs/round15_risk_rescan_detail.csv,4253705aa832b6955617f6169b4ecfdd9356919307561f1d5a08ad331f39cecb,1224172
tmp-self-calibrating-diffractive-ncomms-20260429-134216,artifacts/project-outputs/round11_wrongref_v2_repeat_rows.csv,copied,archive/legacy_imports/tmp-self-calibrating-diffractive-ncomms-20260429-134216/artifacts/project-outputs/round11_wrongref_v2_repeat_rows.csv,67482ba1c0989756bdd86dccd1b2d153fe1dab323be9807fb410e4697125be76,8626
tmp-self-calibrating-diffractive-ncomms-20260429-134216,artifacts/project-outputs/round15_risk_rescan_best_history.json,copied,archive/legacy_imports/tmp-self-calibrating-diffractive-ncomms-20260429-134216/artifacts/project-outputs/round15_risk_rescan_best_history.json,20027acc0179bc6e4a802173a46d6d5e61f15a837684d19651d795fa97947cb2,5102
tmp-self-calibrating-diffractive-ncomms-20260429-134216,artifacts/project-outputs/round6_numpy_passive_d2nn_metrics.csv,copied,archive/legacy_imports/tmp-self-calibrating-diffractive-ncomms-20260429-134216/artifacts/project-outputs/round6_numpy_passive_d2nn_metrics.csv,5a75cb6da5a817f2ef1526d5544f023a99279f2e5117a02e0c7c67f8cb98b033,1675
tmp-self-calibrating-diffractive-ncomms-20260429-134216,artifacts/project-outputs/round11_wrongref_v2_summary.md,copied,archive/legacy_imports/tmp-self-calibrating-diffractive-ncomms-20260429-134216/artifacts/project-outputs/round11_wrongref_v2_summary.md,a915eeb12be8276ea0359e6a8cc66da82a6cb84b44d83a265aac8434ad79ee29,730
tmp-self-calibrating-diffractive-ncomms-20260429-134216,artifacts/project-outputs/round10_antiphase_detail.csv,copied,archive/legacy_imports/tmp-self-calibrating-diffractive-ncomms-20260429-134216/artifacts/project-outputs/round10_antiphase_detail.csv,05273854198f5eb709059787efeb428dd660c5c8d950af56451e8460fb3d4abf,214988
tmp-self-calibrating-diffractive-ncomms-20260429-134216,artifacts/project-outputs/round17_structural_confirm_repeat_rows.csv,copied,archive/legacy_imports/tmp-self-calibrating-diffractive-ncomms-20260429-134216/artifacts/project-outputs/round17_structural_confirm_repeat_rows.csv,286ef779e726ee00733460514ecc04bed693ed657ff1585b08edb6c90d71c25f,1316
tmp-self-calibrating-diffractive-ncomms-20260429-134216,artifacts/project-outputs/round11_wrongref_v2_top.csv,copied,archive/legacy_imports/tmp-self-calibrating-diffractive-ncomms-20260429-134216/artifacts/project-outputs/round11_wrongref_v2_top.csv,e783af92e5259c71a023f226168939da34bf3b6beea11fc12fe8fb2297be4ef4,1413
tmp-self-calibrating-diffractive-ncomms-20260429-134216,artifacts/project-outputs/round8_narrow_scan_summary.json,copied,archive/legacy_imports/tmp-self-calibrating-diffractive-ncomms-20260429-134216/artifacts/project-outputs/round8_narrow_scan_summary.json,c5cd8655f501f7512e0b07f2129d9cf1e93e1d6b299572f05ed33fbd168387d0,8209
tmp-self-calibrating-diffractive-ncomms-20260429-134216,artifacts/project-outputs/round11_wrongref_v2_best_history.json,copied,archive/legacy_imports/tmp-self-calibrating-diffractive-ncomms-20260429-134216/artifacts/project-outputs/round11_wrongref_v2_best_history.json,f823a17b2137ab20dab1d73d1757b592f77d7262775f2460a97c35b12fee4771,5097
tmp-self-calibrating-diffractive-ncomms-20260429-134216,artifacts/project-outputs/round17_structural_confirm_detail.csv,copied,archive/legacy_imports/tmp-self-calibrating-diffractive-ncomms-20260429-134216/artifacts/project-outputs/round17_structural_confirm_detail.csv,46633cff1795f41e6ef7f3ac410107cd43b9c91d390c4d86a558f4fea305f340,44075
tmp-self-calibrating-diffractive-ncomms-20260429-134216,artifacts/project-outputs/round8_narrow_scan_summary.md,copied,archive/legacy_imports/tmp-self-calibrating-diffractive-ncomms-20260429-134216/artifacts/project-outputs/round8_narrow_scan_summary.md,2a2af52395a0a71aa052dbb6de56a8a4c7081ba7f05b5a8a2154e303c08debc7,507
tmp-self-calibrating-diffractive-ncomms-20260429-134216,artifacts/project-outputs/round8_narrow_scan_heatmap.png,copied,archive/legacy_imports/tmp-self-calibrating-diffractive-ncomms-20260429-134216/artifacts/project-outputs/round8_narrow_scan_heatmap.png,f67cb889d87767602e2f64ba3d86ff54f25621d1ec0c373d596d6d30574ab70e,20434
tmp-self-calibrating-diffractive-ncomms-20260429-134216,artifacts/project-outputs/round18_expanded_ood_repeat_rows.csv,copied,archive/legacy_imports/tmp-self-calibrating-diffractive-ncomms-20260429-134216/artifacts/project-outputs/round18_expanded_ood_repeat_rows.csv,5d446d8364e51f2d08abe3456e79e0a6a2b7b7972147162b4bb1ccee1a3a3e9b,899
tmp-self-calibrating-diffractive-ncomms-20260429-134216,artifacts/project-outputs/round10_antiphase_best_panel.png,copied,archive/legacy_imports/tmp-self-calibrating-diffractive-ncomms-20260429-134216/artifacts/project-outputs/round10_antiphase_best_panel.png,234d120f1328bce744bc44127ebd1009e0bb4170c58f3f976deeb8287681a348,11684
tmp-self-calibrating-diffractive-ncomms-20260429-134216,artifacts/project-outputs/round7_best_config_panel.png,copied,archive/legacy_imports/tmp-self-calibrating-diffractive-ncomms-20260429-134216/artifacts/project-outputs/round7_best_config_panel.png,165bc4bb76e4a7d8b5ed15722e395025156364ccdfefe48758804114106549f6,12028
tmp-self-calibrating-diffractive-ncomms-20260429-134216,artifacts/project-outputs/round16_structural_scan_summary.json,copied,archive/legacy_imports/tmp-self-calibrating-diffractive-ncomms-20260429-134216/artifacts/project-outputs/round16_structural_scan_summary.json,2ac38fd028413c312cf3142a2d640c700b97adf15fd44f1a366c8c12208779e7,7843
tmp-self-calibrating-diffractive-ncomms-20260429-134216,artifacts/project-outputs/round19_tail_mechanism_summary.csv,copied,archive/legacy_imports/tmp-self-calibrating-diffractive-ncomms-20260429-134216/artifacts/project-outputs/round19_tail_mechanism_summary.csv,e79da1e282114a24fde9873b82f1b498c0bfa181f11c0a98dbaa8764bb712903,3729
tmp-self-calibrating-diffractive-ncomms-20260429-134216,artifacts/project-outputs/round9_wrongref_target_summary.json,copied,archive/legacy_imports/tmp-self-calibrating-diffractive-ncomms-20260429-134216/artifacts/project-outputs/round9_wrongref_target_summary.json,25c518ad17330f4f27541363e39726378a75a4c9d7ea8eb37592e7857b63f9b0,7116
tmp-self-calibrating-diffractive-ncomms-20260429-134216,artifacts/project-outputs/round9_wrongref_target_best_history.json,copied,archive/legacy_imports/tmp-self-calibrating-diffractive-ncomms-20260429-134216/artifacts/project-outputs/round9_wrongref_target_best_history.json,251f5b122c3e81aea9f31896cdb03a910ec524aaff446b0c7eeaf9ff1fe086b2,5109
tmp-self-calibrating-diffractive-ncomms-20260429-134216,artifacts/project-outputs/round18_expanded_ood_summary.json,copied,archive/legacy_imports/tmp-self-calibrating-diffractive-ncomms-20260429-134216/artifacts/project-outputs/round18_expanded_ood_summary.json,b93c15c2eb138dc766cc94e145625baf63c8c1a645a0a4707d891765c4c6a2f9,1955
tmp-self-calibrating-diffractive-ncomms-20260429-134216,artifacts/project-outputs/round19_risk_metrics.json,copied,archive/legacy_imports/tmp-self-calibrating-diffractive-ncomms-20260429-134216/artifacts/project-outputs/round19_risk_metrics.json,6435868dd24be35a6d49ac825236a392a869dfac66836830690aa9de8bd7ef21,6497
tmp-self-calibrating-diffractive-ncomms-20260429-134216,artifacts/project-outputs/round16_structural_scan_summary.csv,copied,archive/legacy_imports/tmp-self-calibrating-diffractive-ncomms-20260429-134216/artifacts/project-outputs/round16_structural_scan_summary.csv,c8a4ca427926d983141a69684973babe5375c34ff375191684eedaf1406f25a1,1564
tmp-self-calibrating-diffractive-ncomms-20260429-134216,artifacts/project-outputs/round18_expanded_ood_pair_rows.csv,copied,archive/legacy_imports/tmp-self-calibrating-diffractive-ncomms-20260429-134216/artifacts/project-outputs/round18_expanded_ood_pair_rows.csv,41a1f3b8e0d53f04a5ed9923718eab5d6b075ae9f2706c003a6cc8ca3014b5d4,3984
tmp-self-calibrating-diffractive-ncomms-20260429-134216,artifacts/project-outputs/round12_margin_repeat_worst_samples.csv,copied,archive/legacy_imports/tmp-self-calibrating-diffractive-ncomms-20260429-134216/artifacts/project-outputs/round12_margin_repeat_worst_samples.csv,1115cad84924a04455afc230a6b10ccc119fe47f3f4b92cb2f5071029cd388d5,315
tmp-self-calibrating-diffractive-ncomms-20260429-134216,artifacts/project-outputs/round16_structural_scan_repeat_rows.csv,copied,archive/legacy_imports/tmp-self-calibrating-diffractive-ncomms-20260429-134216/artifacts/project-outputs/round16_structural_scan_repeat_rows.csv,04ff19d81866b16f3e3ea76684cc517408b0f6a8d07c98b1fb7e04b1a92db5d7,5887
tmp-self-calibrating-diffractive-ncomms-20260429-134216,artifacts/project-outputs/round8_narrow_scan_summary.csv,copied,archive/legacy_imports/tmp-self-calibrating-diffractive-ncomms-20260429-134216/artifacts/project-outputs/round8_narrow_scan_summary.csv,690376940a068b5821f7cbdeeed46b7c6afa1e39c92ab67c51176ad6f1a62f39,7040
tmp-self-calibrating-diffractive-ncomms-20260429-134216,artifacts/project-outputs/round18_expanded_ood_sample_summary.csv,copied,archive/legacy_imports/tmp-self-calibrating-diffractive-ncomms-20260429-134216/artifacts/project-outputs/round18_expanded_ood_sample_summary.csv,c8352445de0400aa386c79fffec2650451e0de687681f9f1ce0875231d2f26aa,715
tmp-self-calibrating-diffractive-ncomms-20260429-134216,artifacts/project-outputs/round13_risk_mechanism_summary.md,copied,archive/legacy_imports/tmp-self-calibrating-diffractive-ncomms-20260429-134216/artifacts/project-outputs/round13_risk_mechanism_summary.md,88f3f1568e6996322b35b1a999b6711e418f41f29236dcc9f5b8ab0fbe497424,658
tmp-self-calibrating-diffractive-ncomms-20260429-134216,artifacts/project-outputs/round18_expanded_ood_best_panel.png,copied,archive/legacy_imports/tmp-self-calibrating-diffractive-ncomms-20260429-134216/artifacts/project-outputs/round18_expanded_ood_best_panel.png,bb368be33eb1f97c324168181e37783864aab085618f86ee24d8157289ef42f0,15603
tmp-self-calibrating-diffractive-ncomms-20260429-134216,artifacts/project-outputs/round17_structural_confirm_summary.md,copied,archive/legacy_imports/tmp-self-calibrating-diffractive-ncomms-20260429-134216/artifacts/project-outputs/round17_structural_confirm_summary.md,ab8523673bdf5dd4b9d2ae0e9304d2b6b0db39495c4f0146f69312a6e91f760d,419
tmp-self-calibrating-diffractive-ncomms-20260429-134216,artifacts/project-outputs/round16_structural_scan_summary.md,copied,archive/legacy_imports/tmp-self-calibrating-diffractive-ncomms-20260429-134216/artifacts/project-outputs/round16_structural_scan_summary.md,b0d26cf0dbd6f3990920d135304be24fda6dd8a6bad7e0714b689e5fe07f3a60,514
tmp-self-calibrating-diffractive-ncomms-20260429-134216,artifacts/project-outputs/round15_risk_rescan_risk_rows.csv,copied,archive/legacy_imports/tmp-self-calibrating-diffractive-ncomms-20260429-134216/artifacts/project-outputs/round15_risk_rescan_risk_rows.csv,50c0a9fc3613218696e066e54085950d24803bcb900e2e7d45ac91444dafed1b,35512
tmp-self-calibrating-diffractive-ncomms-20260429-134216,artifacts/project-outputs/round7_parameter_scan_summary.md,copied,archive/legacy_imports/tmp-self-calibrating-diffractive-ncomms-20260429-134216/artifacts/project-outputs/round7_parameter_scan_summary.md,23f89a197947929abf27269bc29aed30c32a96eb2d73cf2f7162f14b3bc13876,493
tmp-self-calibrating-diffractive-ncomms-20260429-134216,artifacts/project-outputs/round9_wrongref_target_detail.csv,copied,archive/legacy_imports/tmp-self-calibrating-diffractive-ncomms-20260429-134216/artifacts/project-outputs/round9_wrongref_target_detail.csv,5fcee42737fced1e864143f5832cd736a350f2e2f61473d808d7be37708ebfd6,314089
tmp-self-calibrating-diffractive-ncomms-20260429-134216,artifacts/project-outputs/round9_wrongref_target_repeat_rows.csv,copied,archive/legacy_imports/tmp-self-calibrating-diffractive-ncomms-20260429-134216/artifacts/project-outputs/round9_wrongref_target_repeat_rows.csv,16beba67baa6374426525ff77ee580dc13ce5832bf62b3605a0a9db53c3a4a5a,11614
tmp-self-calibrating-diffractive-ncomms-20260429-134216,artifacts/project-outputs/round8_narrow_scan_detail.csv,copied,archive/legacy_imports/tmp-self-calibrating-diffractive-ncomms-20260429-134216/artifacts/project-outputs/round8_narrow_scan_detail.csv,ea7ea04ed6ee603dd62444cb8862f951d353f56ac65b71d96d02bc3fb68fb850,537566
tmp-self-calibrating-diffractive-ncomms-20260429-134216,artifacts/project-outputs/round7_parameter_scan_heatmap.png,copied,archive/legacy_imports/tmp-self-calibrating-diffractive-ncomms-20260429-134216/artifacts/project-outputs/round7_parameter_scan_heatmap.png,60d6bec9b6af3e80e75e11c6701611e8ee68eed69d49dfb223cdc14f482f009f,11950
tmp-self-calibrating-diffractive-ncomms-20260429-134216,artifacts/project-outputs/figure5_paired_diagnostic_panel.pdf,copied,archive/legacy_imports/tmp-self-calibrating-diffractive-ncomms-20260429-134216/artifacts/project-outputs/figure5_paired_diagnostic_panel.pdf,9f895a26861cb3cfe004f728c28686cbe1f8f2c57d461ef2e83f61bd86be7881,155971
tmp-self-calibrating-diffractive-ncomms-20260429-134216,artifacts/project-outputs/round15_risk_rescan_summary.json,copied,archive/legacy_imports/tmp-self-calibrating-diffractive-ncomms-20260429-134216/artifacts/project-outputs/round15_risk_rescan_summary.json,17f8ff31300a5534abcf2c50ef738779891c9a78602447c120dcd5f45f02f285,7857
tmp-self-calibrating-diffractive-ncomms-20260429-134216,artifacts/project-outputs/round7_best_config_training_history.json,copied,archive/legacy_imports/tmp-self-calibrating-diffractive-ncomms-20260429-134216/artifacts/project-outputs/round7_best_config_training_history.json,13e8b786ae3d6c077f7acb9723ccd344a29b99861386961664820a4bc622f986,4531
tmp-self-calibrating-diffractive-ncomms-20260429-134216,artifacts/project-outputs/round6_numpy_passive_d2nn_panel.png,copied,archive/legacy_imports/tmp-self-calibrating-diffractive-ncomms-20260429-134216/artifacts/project-outputs/round6_numpy_passive_d2nn_panel.png,1cd417be138ed3ca77b47abdc73a52c14017e18e999504cb4f17eb260f6ad4e3,13825
tmp-self-calibrating-diffractive-ncomms-20260429-134216,artifacts/project-outputs/environment_smoke_test.json,copied,archive/legacy_imports/tmp-self-calibrating-diffractive-ncomms-20260429-134216/artifacts/project-outputs/environment_smoke_test.json,b095f25f6d3e1b0c1410e56e91f60f07e5094c3cb068b7d78d76928326ad6235,818
tmp-self-calibrating-diffractive-ncomms-20260429-134216,artifacts/project-outputs/round16_structural_scan_risk_rows.csv,copied,archive/legacy_imports/tmp-self-calibrating-diffractive-ncomms-20260429-134216/artifacts/project-outputs/round16_structural_scan_risk_rows.csv,700f22b59728463ecc5cf1b6002a22e1da12b44a151af0df74952d63c03cf038,9320
tmp-self-calibrating-diffractive-ncomms-20260429-134216,artifacts/project-outputs/round6_numpy_passive_d2nn_training_history.json,copied,archive/legacy_imports/tmp-self-calibrating-diffractive-ncomms-20260429-134216/artifacts/project-outputs/round6_numpy_passive_d2nn_training_history.json,2e35c11448efde47d093ee6d1c7c927d59706e2ac541a27376c41a6f94494393,5085
tmp-self-calibrating-diffractive-ncomms-20260429-134216,artifacts/project-outputs/round8_best_local_config_history.json,copied,archive/legacy_imports/tmp-self-calibrating-diffractive-ncomms-20260429-134216/artifacts/project-outputs/round8_best_local_config_history.json,f35c8a7bc96d11724493e8aff6911b3ce24b09e3b9a6a7579450dd7210ca3404,4539
tmp-self-calibrating-diffractive-ncomms-20260429-134216,artifacts/project-outputs/round10_antiphase_summary.json,copied,archive/legacy_imports/tmp-self-calibrating-diffractive-ncomms-20260429-134216/artifacts/project-outputs/round10_antiphase_summary.json,bb0dd3d9616ff36cef977e28a06bf487a473c0c923b4a22023c19b94bcb055d0,6200
tmp-self-calibrating-diffractive-ncomms-20260429-134216,artifacts/project-outputs/round7_parameter_scan_top10.csv,copied,archive/legacy_imports/tmp-self-calibrating-diffractive-ncomms-20260429-134216/artifacts/project-outputs/round7_parameter_scan_top10.csv,b8a2f38972d27cc7c48d8e3fe9fc1c88083dcac5c30f67a5691f6a8a0dc9a5de,1047
tmp-self-calibrating-diffractive-ncomms-20260429-134216,artifacts/project-outputs/round9_wrongref_target_heatmap.png,copied,archive/legacy_imports/tmp-self-calibrating-diffractive-ncomms-20260429-134216/artifacts/project-outputs/round9_wrongref_target_heatmap.png,a8c703f80ab4a72a4b31e1238dad5bd0f8a767d1c029fc4b20ffb66a70dd752d,23514
tmp-self-calibrating-diffractive-ncomms-20260429-134216,artifacts/project-outputs/round8_narrow_scan_top10.csv,copied,archive/legacy_imports/tmp-self-calibrating-diffractive-ncomms-20260429-134216/artifacts/project-outputs/round8_narrow_scan_top10.csv,14020d0d23974e9cda8fc4a8f8552079da2475c6e19db7a9014eddb151f88b7b,1443
tmp-self-calibrating-diffractive-ncomms-20260429-134216,artifacts/project-outputs/round13_figure5_criteria.json,copied,archive/legacy_imports/tmp-self-calibrating-diffractive-ncomms-20260429-134216/artifacts/project-outputs/round13_figure5_criteria.json,c8d51252a0b81d028fccf616f1ed28929a6600181d8089691e997728966ff965,2921
tmp-self-calibrating-diffractive-ncomms-20260429-134216,artifacts/project-outputs/round7_parameter_scan_detail.csv,copied,archive/legacy_imports/tmp-self-calibrating-diffractive-ncomms-20260429-134216/artifacts/project-outputs/round7_parameter_scan_detail.csv,f4c5d9df87d8f3d48c4c11c7d4f6c7b0f4dff9b89cb708a2bfa37c6681e20215,96614
tmp-self-calibrating-diffractive-ncomms-20260429-134216,artifacts/project-outputs/round8_best_local_config_panel.png,copied,archive/legacy_imports/tmp-self-calibrating-diffractive-ncomms-20260429-134216/artifacts/project-outputs/round8_best_local_config_panel.png,bfe99c43e21dc7f090f014fac6609ed5e988b4af079a027fc46867d94b56906d,11876
tmp-self-calibrating-diffractive-ncomms-20260429-134216,artifacts/project-outputs/round6_numpy_passive_d2nn_summary.json,copied,archive/legacy_imports/tmp-self-calibrating-diffractive-ncomms-20260429-134216/artifacts/project-outputs/round6_numpy_passive_d2nn_summary.json,eba36b98a97343545760712e6c73d29a355d0076fa8f727fb4aa914f1d47241f,1710
tmp-self-calibrating-diffractive-ncomms-20260429-134216,artifacts/project-outputs/round15_risk_rescan_top.csv,copied,archive/legacy_imports/tmp-self-calibrating-diffractive-ncomms-20260429-134216/artifacts/project-outputs/round15_risk_rescan_top.csv,b0f6c5cd89b4d925ff5a59d1b75e100a9680b8093683d6469131fad5e88dc36e,1452
tmp-self-calibrating-diffractive-ncomms-20260429-134216,artifacts/project-outputs/round16_structural_scan_top.csv,copied,archive/legacy_imports/tmp-self-calibrating-diffractive-ncomms-20260429-134216/artifacts/project-outputs/round16_structural_scan_top.csv,2fd8b7ce17d5a044e0241c6ec49fe2cd1525ccd9d77a17adb571038fabaa1bbf,1348
tmp-self-calibrating-diffractive-ncomms-20260429-134216,artifacts/project-outputs/figure5_paired_diagnostic_panel.png,copied,archive/legacy_imports/tmp-self-calibrating-diffractive-ncomms-20260429-134216/artifacts/project-outputs/figure5_paired_diagnostic_panel.png,f02251cc48028463617e5c0a5447e3855116e32f79220036922e16fee2c30e73,98497
tmp-self-calibrating-diffractive-ncomms-20260429-134216,artifacts/project-outputs/round10_antiphase_repeat_rows.csv,copied,archive/legacy_imports/tmp-self-calibrating-diffractive-ncomms-20260429-134216/artifacts/project-outputs/round10_antiphase_repeat_rows.csv,097594ffcc72cb0792b6d0b161fa73ff44e785c3f126932bc660bc98b3220411,8199
tmp-self-calibrating-diffractive-ncomms-20260429-134216,artifacts/project-outputs/round11_wrongref_v2_summary.csv,duplicate-by-hash,archive/legacy_imports/tmp-self-calibrating-diffractive-ncomms-20260429-134216/artifacts/project-outputs/round11_wrongref_v2_top.csv,e783af92e5259c71a023f226168939da34bf3b6beea11fc12fe8fb2297be4ef4,1413
tmp-self-calibrating-diffractive-ncomms-20260429-134216,artifacts/project-outputs/round16_structural_scan_best_panel.png,copied,archive/legacy_imports/tmp-self-calibrating-diffractive-ncomms-20260429-134216/artifacts/project-outputs/round16_structural_scan_best_panel.png,edd395385f496c04ae77e0dd7ee67bffb4260267521973ddabdf10670c6d9bcb,7874
tmp-self-calibrating-diffractive-ncomms-20260429-134216,artifacts/project-outputs/round13_risk_sample_repeat_rows.csv,copied,archive/legacy_imports/tmp-self-calibrating-diffractive-ncomms-20260429-134216/artifacts/project-outputs/round13_risk_sample_repeat_rows.csv,725cdba174620679cc5a448bc2a53be714ea01a9d4114ae9608e9e82804454de,1774
tmp-self-calibrating-diffractive-ncomms-20260429-134216,artifacts/project-outputs/round15_risk_rescan_repeat_rows.csv,copied,archive/legacy_imports/tmp-self-calibrating-diffractive-ncomms-20260429-134216/artifacts/project-outputs/round15_risk_rescan_repeat_rows.csv,224954d1e3b4372805c45b78026ab7951812fe562d4a52ada53aa5404dbdb1d0,51871
tmp-self-calibrating-diffractive-ncomms-20260429-134216,artifacts/project-outputs/round11_wrongref_v2_best_panel.png,copied,archive/legacy_imports/tmp-self-calibrating-diffractive-ncomms-20260429-134216/artifacts/project-outputs/round11_wrongref_v2_best_panel.png,5cf079ce0838c9147b1292eb9ecd2656e0f461a3aefe8afa8f93396928498c56,11769
tmp-self-calibrating-diffractive-ncomms-20260429-134216,artifacts/project-outputs/round10_antiphase_summary.md,copied,archive/legacy_imports/tmp-self-calibrating-diffractive-ncomms-20260429-134216/artifacts/project-outputs/round10_antiphase_summary.md,2538ff848cea4a00a15765bfa65b940e5c6e7ea6ed63a2ea618357c60ce7faa8,473
tmp-self-calibrating-diffractive-ncomms-20260429-134216,artifacts/project-outputs/round19_tail_mechanism_summary.md,copied,archive/legacy_imports/tmp-self-calibrating-diffractive-ncomms-20260429-134216/artifacts/project-outputs/round19_tail_mechanism_summary.md,f61be9556f32e61afe90babff4f97fdfef9005433f1d0672721c35844ea6f3c9,1412
tmp-self-calibrating-diffractive-ncomms-20260429-134216,artifacts/project-outputs/round9_wrongref_target_summary.md,copied,archive/legacy_imports/tmp-self-calibrating-diffractive-ncomms-20260429-134216/artifacts/project-outputs/round9_wrongref_target_summary.md,537ab3f924d0ec53b4961985f72d62103bcdfb0191fcee1b9749c95cff26b6f5,543
tmp-self-calibrating-diffractive-ncomms-20260429-134216,artifacts/project-outputs/round16_structural_scan_best_history.json,copied,archive/legacy_imports/tmp-self-calibrating-diffractive-ncomms-20260429-134216/artifacts/project-outputs/round16_structural_scan_best_history.json,9c2bacad38f10b1f853648cdc18efa9918d6e74869763844b7f6439e38500698,5119
tmp-self-calibrating-diffractive-ncomms-20260429-134216,artifacts/project-outputs/round9_wrongref_target_top10.csv,copied,archive/legacy_imports/tmp-self-calibrating-diffractive-ncomms-20260429-134216/artifacts/project-outputs/round9_wrongref_target_top10.csv,9b9ac3d26b1d730bff41971328877f4d1fee8a3258b2edfceec291ca91f47bb9,1265
tmp-self-calibrating-diffractive-ncomms-20260429-134216,artifacts/project-outputs/round8_narrow_scan_repeat_rows.csv,copied,archive/legacy_imports/tmp-self-calibrating-diffractive-ncomms-20260429-134216/artifacts/project-outputs/round8_narrow_scan_repeat_rows.csv,b41692cc703adc7d7c0eea1d3e939cbe26b98cd9548acbc10bc5935920c6ae1c,20642
tmp-self-calibrating-diffractive-ncomms-20260429-134216,artifacts/project-outputs/round15_risk_rescan_best_panel.png,copied,archive/legacy_imports/tmp-self-calibrating-diffractive-ncomms-20260429-134216/artifacts/project-outputs/round15_risk_rescan_best_panel.png,290e846f7a17cf96ee8b9181a956fb69d3108d6f33afcf80bdfae376c39a58ee,8742
tmp-self-calibrating-diffractive-ncomms-20260429-134216,artifacts/project-outputs/environment_smoke_test.png,copied,archive/legacy_imports/tmp-self-calibrating-diffractive-ncomms-20260429-134216/artifacts/project-outputs/environment_smoke_test.png,0d54318e626c5da38dc0f8021fd845c66fec713eb6db4a84d934fdd1f2db8f76,2974
tmp-self-calibrating-diffractive-ncomms-20260429-134216,artifacts/project-outputs/round17_structural_confirm_best_panel.png,copied,archive/legacy_imports/tmp-self-calibrating-diffractive-ncomms-20260429-134216/artifacts/project-outputs/round17_structural_confirm_best_panel.png,2f02cd2407be10fb933354d591fc7a0c91e4396e5e6c9914ac304c08d13061e0,7926
tmp-self-calibrating-diffractive-ncomms-20260429-134216,artifacts/project-outputs/round10_antiphase_summary.csv,duplicate-by-hash,archive/legacy_imports/tmp-self-calibrating-diffractive-ncomms-20260429-134216/artifacts/project-outputs/round10_antiphase_top.csv,94ac59fc025b75926bf70dfbe33f97cba9e38512b53f3c076259d8d52a4f05ce,1135
tmp-self-calibrating-diffractive-ncomms-20260429-134216,artifacts/project-outputs/round17_structural_confirm_risk_rows.csv,copied,archive/legacy_imports/tmp-self-calibrating-diffractive-ncomms-20260429-134216/artifacts/project-outputs/round17_structural_confirm_risk_rows.csv,c84c8657100f987ab43a9abba90979c8789c0130aecaaaf1dd39c580ea98406b,2005
tmp-self-calibrating-diffractive-ncomms-20260429-134216,artifacts/project-outputs/round17_structural_confirm_best_history.json,copied,archive/legacy_imports/tmp-self-calibrating-diffractive-ncomms-20260429-134216/artifacts/project-outputs/round17_structural_confirm_best_history.json,4848673e460ddca0f7169cf1f25b32df5383eae226f9c8064795f55dcd904597,5124
tmp-self-calibrating-diffractive-ncomms-20260429-134216,artifacts/project-outputs/round13_risk_sample_summary.csv,copied,archive/legacy_imports/tmp-self-calibrating-diffractive-ncomms-20260429-134216/artifacts/project-outputs/round13_risk_sample_summary.csv,195151cad2b3c3403979defeed80e3e745e12547df309acf178e4c0909a536ef,544
tmp-self-calibrating-diffractive-ncomms-20260429-134216,artifacts/project-outputs/round11_wrongref_v2_summary.json,copied,archive/legacy_imports/tmp-self-calibrating-diffractive-ncomms-20260429-134216/artifacts/project-outputs/round11_wrongref_v2_summary.json,010c3c64768b97264afb3a61a0bafeaa882db39ca1feeb64210cc6011bffc420,7494
tmp-self-calibrating-diffractive-ncomms-20260429-134216,artifacts/project-outputs/round10_antiphase_best_history.json,copied,archive/legacy_imports/tmp-self-calibrating-diffractive-ncomms-20260429-134216/artifacts/project-outputs/round10_antiphase_best_history.json,4efc1265d4fbec3775e2b564543487931b425191afde592403824d9dd211907a,5104
tmp-self-calibrating-diffractive-ncomms-20260429-134216,artifacts/project-outputs/round11_wrongref_v2_detail.csv,copied,archive/legacy_imports/tmp-self-calibrating-diffractive-ncomms-20260429-134216/artifacts/project-outputs/round11_wrongref_v2_detail.csv,72305c1e9bd54eb77cc37f98403fb1b94d374206907c925383daaae1850db35b,237987
tmp-self-calibrating-diffractive-ncomms-20260429-134216,artifacts/project-outputs/round18_expanded_ood_detail.csv,copied,archive/legacy_imports/tmp-self-calibrating-diffractive-ncomms-20260429-134216/artifacts/project-outputs/round18_expanded_ood_detail.csv,fda91c58a11df4955cae10fa782af1c62ddb1da08e8044c1bee142f7d61c5524,23428
tmp-self-calibrating-diffractive-ncomms-20260429-134216,artifacts/project-outputs/round15_risk_rescan_summary.csv,copied,archive/legacy_imports/tmp-self-calibrating-diffractive-ncomms-20260429-134216/artifacts/project-outputs/round15_risk_rescan_summary.csv,3601189a93985ff5e22ff6150767b5f5d64af3eea5460385824088fd6a664aaf,5878
tmp-self-calibrating-diffractive-ncomms-20260429-134216,artifacts/project-outputs/round9_wrongref_target_summary.csv,copied,archive/legacy_imports/tmp-self-calibrating-diffractive-ncomms-20260429-134216/artifacts/project-outputs/round9_wrongref_target_summary.csv,4f405191f6e71b32de0908e17eaae92f8743dbd4236193dae84ace5252f835d5,3304
tmp-self-calibrating-diffractive-ncomms-20260429-134216,artifacts/project-outputs/round12_margin_sample_stats.csv,copied,archive/legacy_imports/tmp-self-calibrating-diffractive-ncomms-20260429-134216/artifacts/project-outputs/round12_margin_sample_stats.csv,2321543c34a1dbf4f9d83bb0ca0f2aac033c317686903cdb99e8710866bd0e0f,611
tmp-self-calibrating-diffractive-ncomms-20260429-134216,artifacts/project-outputs/figure5_paired_diagnostic_panel_summary.md,copied,archive/legacy_imports/tmp-self-calibrating-diffractive-ncomms-20260429-134216/artifacts/project-outputs/figure5_paired_diagnostic_panel_summary.md,cd3217926b4099dc991827ebe19ae3b907304bc324d6560ab1474c3c4cc79a5b,552
tmp-self-calibrating-diffractive-ncomms-20260429-134216,artifacts/project-outputs/round9_wrongref_target_best_panel.png,copied,archive/legacy_imports/tmp-self-calibrating-diffractive-ncomms-20260429-134216/artifacts/project-outputs/round9_wrongref_target_best_panel.png,0150a8fe08c67c0e1a68105fde0b37db0e4ae0c37c6aff1900de1ebdac77cdcb,11732
tmp-self-calibrating-diffractive-ncomms-20260429-134216,artifacts/project-outputs/round16_structural_scan_detail.csv,copied,archive/legacy_imports/tmp-self-calibrating-diffractive-ncomms-20260429-134216/artifacts/project-outputs/round16_structural_scan_detail.csv,ad8c0090634455f31ea11131e5bfa64467e4b34537f88d0e49454ccbb2f7caf9,213452
tmp-self-calibrating-diffractive-ncomms-20260429-134216,artifacts/project-outputs/round7_parameter_scan_summary.csv,copied,archive/legacy_imports/tmp-self-calibrating-diffractive-ncomms-20260429-134216/artifacts/project-outputs/round7_parameter_scan_summary.csv,fb2c95d7ba1df5075b5445fd7286f971c377fb482202db47869f5e844dc23271,3925
tmp-self-calibrating-diffractive-ncomms-20260429-134216,artifacts/project-outputs/round12_margin_summary.md,copied,archive/legacy_imports/tmp-self-calibrating-diffractive-ncomms-20260429-134216/artifacts/project-outputs/round12_margin_summary.md,06cfe1043c315ec051dc2dd5a4ef3bc7e7b15d1e8c4f0266a8af7b3a0de44f9a,607
tmp-self-calibrating-diffractive-ncomms-20260429-134216,artifacts/project-outputs/environment_smoke_test.md,duplicate-by-hash,archive/legacy_imports/tmp-self-calibrating-diffractive-ncomms/results/round6/environment_smoke_test.md,929c5fea2d0462ed6f085f05d8161e9761a377bfb0448dc48f402a9465aa1d2c,314
tmp-self-calibrating-diffractive-ncomms-20260429-134216,artifacts/project-outputs/round12_margin_summary.json,copied,archive/legacy_imports/tmp-self-calibrating-diffractive-ncomms-20260429-134216/artifacts/project-outputs/round12_margin_summary.json,d616a1620fd94ab47b16f05560206f4e5a37bbd2d92f842c1d82b8b46aca67ec,3480
tmp-self-calibrating-diffractive-ncomms-20260429-134216,artifacts/project-outputs/round7_parameter_scan_summary.json,copied,archive/legacy_imports/tmp-self-calibrating-diffractive-ncomms-20260429-134216/artifacts/project-outputs/round7_parameter_scan_summary.json,77b13cf9d9238a0d9f3a20c3b83d353cf8522a7b90cc3fdc7e146e01b58735b6,6067
tmp-self-calibrating-diffractive-ncomms-20260429-134216,artifacts/project-outputs/round12_margin_repeat_stats.csv,copied,archive/legacy_imports/tmp-self-calibrating-diffractive-ncomms-20260429-134216/artifacts/project-outputs/round12_margin_repeat_stats.csv,f9bc5eb4d1f4784473ab32aced7657476f288dd23f80099fac519a3359246afb,536
tmp-self-calibrating-diffractive-ncomms-20260429-134216,code/project-scripts/round18_expanded_ood_confirmation.py,copied,archive/legacy_imports/tmp-self-calibrating-diffractive-ncomms-20260429-134216/code/project-scripts/round18_expanded_ood_confirmation.py,3e7ff38f9293524d750cac8b513e3d22c72293dbbf5d18113840ce43facda5ef,11835
tmp-self-calibrating-diffractive-ncomms-20260429-134216,code/project-scripts/round16_structural_modes_scan.py,copied,archive/legacy_imports/tmp-self-calibrating-diffractive-ncomms-20260429-134216/code/project-scripts/round16_structural_modes_scan.py,84588a41155e3e94c92af7319174457188ac7abd26759606f873c34add6d964c,16505
tmp-self-calibrating-diffractive-ncomms-20260429-134216,code/project-scripts/drive_sync_pipeline.py,copied,archive/legacy_imports/tmp-self-calibrating-diffractive-ncomms-20260429-134216/code/project-scripts/drive_sync_pipeline.py,a202f3c04c9bb68a4c2c5a62e4263970e64b7cba38390db8b2becefe8ec0b373,11198
tmp-self-calibrating-diffractive-ncomms-20260429-134216,code/project-scripts/round9_wrong_reference_targeted_scan.py,copied,archive/legacy_imports/tmp-self-calibrating-diffractive-ncomms-20260429-134216/code/project-scripts/round9_wrong_reference_targeted_scan.py,167a3b13d697c6b0ed2f0f6dd47507640d8621cb57e18c6f89b1d1332d3ac6bd,16381
tmp-self-calibrating-diffractive-ncomms-20260429-134216,code/project-scripts/round14_figure5_visual_panel.py,copied,archive/legacy_imports/tmp-self-calibrating-diffractive-ncomms-20260429-134216/code/project-scripts/round14_figure5_visual_panel.py,47522bea61bf3be884de125cfc780f39609f1cd2edcde2cad5d0fe760ec7750f,13152
tmp-self-calibrating-diffractive-ncomms-20260429-134216,code/project-scripts/round19_tail_mechanism_risk_metrics.py,copied,archive/legacy_imports/tmp-self-calibrating-diffractive-ncomms-20260429-134216/code/project-scripts/round19_tail_mechanism_risk_metrics.py,f6573f1f2b5aa75aa6932370bfaf0fdae3a4f95199d9f8271cd4a515201cf0c8,13361
tmp-self-calibrating-diffractive-ncomms-20260429-134216,code/project-scripts/environment_smoke_test.py,copied,archive/legacy_imports/tmp-self-calibrating-diffractive-ncomms-20260429-134216/code/project-scripts/environment_smoke_test.py,33301e628655452168b0824c95c369d3c8e192b0734b814ffc3a9d905e64b6ac,3036
tmp-self-calibrating-diffractive-ncomms-20260429-134216,code/project-scripts/round12_margin_diagnostics.py,copied,archive/legacy_imports/tmp-self-calibrating-diffractive-ncomms-20260429-134216/code/project-scripts/round12_margin_diagnostics.py,7523b51e219fba1fed4ac0212c8e68f9772b8a82118c86ee832de35030515518,10445
tmp-self-calibrating-diffractive-ncomms-20260429-134216,code/project-scripts/round10_antiphase_confirmation_scan.py,copied,archive/legacy_imports/tmp-self-calibrating-diffractive-ncomms-20260429-134216/code/project-scripts/round10_antiphase_confirmation_scan.py,04139bcb57a22615b2847f5929197e25a2580bbe2449d25379123cdf8f508b90,10461
tmp-self-calibrating-diffractive-ncomms-20260429-134216,code/project-scripts/round8_narrow_processor_scan.py,copied,archive/legacy_imports/tmp-self-calibrating-diffractive-ncomms-20260429-134216/code/project-scripts/round8_narrow_processor_scan.py,7629083dcf3368284a632f0fc84649241d27ead129b1f9794b25acb1ab22548c,13830
tmp-self-calibrating-diffractive-ncomms-20260429-134216,code/project-scripts/round7_parameter_scan.py,copied,archive/legacy_imports/tmp-self-calibrating-diffractive-ncomms-20260429-134216/code/project-scripts/round7_parameter_scan.py,962de2a01c44eacff2a504b88f8e7992a297c8cbbf624bba55e9fd91a9ef302a,13570
tmp-self-calibrating-diffractive-ncomms-20260429-134216,code/project-scripts/generate_supplementary_pdf.py,copied,archive/legacy_imports/tmp-self-calibrating-diffractive-ncomms-20260429-134216/code/project-scripts/generate_supplementary_pdf.py,f8246bbfb84b397eb42b857097f79bba9c64213daf33e4bc5b2c0848dc03f3ed,17936
tmp-self-calibrating-diffractive-ncomms-20260429-134216,code/project-scripts/wrong_reference_designs_v2.py,copied,archive/legacy_imports/tmp-self-calibrating-diffractive-ncomms-20260429-134216/code/project-scripts/wrong_reference_designs_v2.py,b22571ce716e30313ac5360aec415f295f73e202a4382afb99b5de89f7ef6d40,2119
tmp-self-calibrating-diffractive-ncomms-20260429-134216,code/project-scripts/wrong_reference_designs_v3.py,copied,archive/legacy_imports/tmp-self-calibrating-diffractive-ncomms-20260429-134216/code/project-scripts/wrong_reference_designs_v3.py,e89202ea53a7e629b21ae82e78ad49415a9d08d03118eb28c9be9aec6fe251d8,1861
tmp-self-calibrating-diffractive-ncomms-20260429-134216,code/project-scripts/drive_sync_config.json,copied,archive/legacy_imports/tmp-self-calibrating-diffractive-ncomms-20260429-134216/code/project-scripts/drive_sync_config.json,9697764321630fd2fcec7de6371389dd752889b85777f3c3694682c67a5e928e,2555
tmp-self-calibrating-diffractive-ncomms-20260429-134216,code/project-scripts/round6_numpy_passive_d2nn.py,copied,archive/legacy_imports/tmp-self-calibrating-diffractive-ncomms-20260429-134216/code/project-scripts/round6_numpy_passive_d2nn.py,887786bc88c0fb49fb3d5931d2520ea506f908625c03a760b97430a40ccf748c,13382
tmp-self-calibrating-diffractive-ncomms-20260429-134216,code/project-scripts/round11_wrongref_v2_focused_scan.py,copied,archive/legacy_imports/tmp-self-calibrating-diffractive-ncomms-20260429-134216/code/project-scripts/round11_wrongref_v2_focused_scan.py,bb86e72a816283aa3f7588bee34742f52b0015dc8dd66d69cb13c856f7497f16,14198
tmp-self-calibrating-diffractive-ncomms-20260429-134216,code/project-scripts/round15_risk_targeted_rescan.py,copied,archive/legacy_imports/tmp-self-calibrating-diffractive-ncomms-20260429-134216/code/project-scripts/round15_risk_targeted_rescan.py,d9fe42bd0cb96dfc6ed8d35ecd3518a4a532ef86d917e12a888e50f0fd0d6c20,17788
tmp-self-calibrating-diffractive-ncomms-20260429-134216,code/project-scripts/minimal_passive_d2nn_protocol.md,copied,archive/legacy_imports/tmp-self-calibrating-diffractive-ncomms-20260429-134216/code/project-scripts/minimal_passive_d2nn_protocol.md,ca9acc6e3a370937e05e69e728f886bbf62867ff2973571a0cef8f6df88acae3,835
tmp-self-calibrating-diffractive-ncomms-20260429-134216,code/project-scripts/round17_structural_confirmation.py,copied,archive/legacy_imports/tmp-self-calibrating-diffractive-ncomms-20260429-134216/code/project-scripts/round17_structural_confirmation.py,8cf9afdbe32987020345d921e2f97ae807830a3e2b86e87d12b594170873b5c9,9344
tmp-self-calibrating-diffractive-ncomms-20260429-134216,code/project-scripts/round13_risk_sample_mechanism.py,copied,archive/legacy_imports/tmp-self-calibrating-diffractive-ncomms-20260429-134216/code/project-scripts/round13_risk_sample_mechanism.py,3c497de88c2741ca0b5e8b4f791000e9baf65cbfef59bfa1bc112440b3cd1193,10693
tmp-self-calibrating-diffractive-ncomms-20260430T010105Z,README.md,copied,archive/legacy_imports/tmp-self-calibrating-diffractive-ncomms-20260430T010105Z/README.md,8812ca899fb6c725852b5760c49f9c032588f199a23350643be38a9f63b70729,1024
tmp-self-calibrating-diffractive-ncomms-20260430T010105Z,logs/round6_rerun_20260430T010105Z.md,copied,archive/legacy_imports/tmp-self-calibrating-diffractive-ncomms-20260430T010105Z/logs/round6_rerun_20260430T010105Z.md,3c7c829a974714c6533db069397cc18c1cf3a4306394a4c74e0589ff28e44f67,1394
tmp-self-calibrating-diffractive-ncomms-20260430T010105Z,artifacts/submission-package/code_availability.md,copied,archive/legacy_imports/tmp-self-calibrating-diffractive-ncomms-20260430T010105Z/artifacts/submission-package/code_availability.md,de55436a472176448df5e5b022c267065395e2e79eea98d091d14c6edc1ef056,533
tmp-self-calibrating-diffractive-ncomms-20260430T010105Z,artifacts/submission-package/data_availability.md,copied,archive/legacy_imports/tmp-self-calibrating-diffractive-ncomms-20260430T010105Z/artifacts/submission-package/data_availability.md,d1b21ef392fabc0a9dcf2309efe78ef20f3cb6a1f86e67ffa519bd4659056be6,509
tmp-self-calibrating-diffractive-ncomms-20260430T010105Z,artifacts/submission-package/figure5_source_data.csv,copied,archive/legacy_imports/tmp-self-calibrating-diffractive-ncomms-20260430T010105Z/artifacts/submission-package/figure5_source_data.csv,bb2c412e1a0be1bcf0a1b143b43ed7dce42b3062959dbc4660a8ca461c372841,2864
tmp-self-calibrating-diffractive-ncomms-20260430T010105Z,artifacts/submission-package/md5_registry.csv,copied,archive/legacy_imports/tmp-self-calibrating-diffractive-ncomms-20260430T010105Z/artifacts/submission-package/md5_registry.csv,e2e414332e0999456041bf264c82d92e5bf6a96eb6b161173fb70008932b3e38,2591
tmp-self-calibrating-diffractive-ncomms-20260430T010105Z,artifacts/submission-package/reproducibility_registry.csv,copied,archive/legacy_imports/tmp-self-calibrating-diffractive-ncomms-20260430T010105Z/artifacts/submission-package/reproducibility_registry.csv,c94075355af1565d1a3cc8ebcb48020da8989925bcd5a51df25cb03cfad69977,1476
tmp-self-calibrating-diffractive-ncomms-20260430T010105Z,artifacts/submission-package/methods_reproducibility.md,copied,archive/legacy_imports/tmp-self-calibrating-diffractive-ncomms-20260430T010105Z/artifacts/submission-package/methods_reproducibility.md,530c253a2c64bcf53fb6f52863f0b01aa02c2713b8d67dec927eec1a2a876249,910
tmp-self-calibrating-diffractive-ncomms-20260430T010105Z,artifacts/project-outputs/round6_numpy_passive_d2nn_summary.md,duplicate-by-hash,archive/legacy_imports/tmp-self-calibrating-diffractive-ncomms/results/round6/round6_numpy_passive_d2nn_summary.md,b80ddcf5113acde3172b0113bd74ef27da896fdeab0133d5fe904773e1198f64,414
tmp-self-calibrating-diffractive-ncomms-20260430T010105Z,artifacts/project-outputs/round6_numpy_passive_d2nn_metrics.csv,duplicate-by-hash,archive/legacy_imports/tmp-self-calibrating-diffractive-ncomms-20260429-134216/artifacts/project-outputs/round6_numpy_passive_d2nn_metrics.csv,5a75cb6da5a817f2ef1526d5544f023a99279f2e5117a02e0c7c67f8cb98b033,1675
tmp-self-calibrating-diffractive-ncomms-20260430T010105Z,artifacts/project-outputs/round6_numpy_passive_d2nn_panel.png,duplicate-by-hash,archive/legacy_imports/tmp-self-calibrating-diffractive-ncomms-20260429-134216/artifacts/project-outputs/round6_numpy_passive_d2nn_panel.png,1cd417be138ed3ca77b47abdc73a52c14017e18e999504cb4f17eb260f6ad4e3,13825
tmp-self-calibrating-diffractive-ncomms-20260430T010105Z,artifacts/project-outputs/round6_numpy_passive_d2nn_training_history.json,duplicate-by-hash,archive/legacy_imports/tmp-self-calibrating-diffractive-ncomms-20260429-134216/artifacts/project-outputs/round6_numpy_passive_d2nn_training_history.json,2e35c11448efde47d093ee6d1c7c927d59706e2ac541a27376c41a6f94494393,5085
tmp-self-calibrating-diffractive-ncomms-20260430T010105Z,artifacts/project-outputs/round6_numpy_passive_d2nn_summary.json,copied,archive/legacy_imports/tmp-self-calibrating-diffractive-ncomms-20260430T010105Z/artifacts/project-outputs/round6_numpy_passive_d2nn_summary.json,0ed19236814cb76bf99ebfbcf82a26a22cc0b5760d4e2a82312fdee5efb45016,1920
tmp-self-calibrating-diffractive-ncomms-20260430T010105Z,code/project-scripts/refresh_submission_package.py,copied,archive/legacy_imports/tmp-self-calibrating-diffractive-ncomms-20260430T010105Z/code/project-scripts/refresh_submission_package.py,06a13f09911ae2c635253894f875204ce4d1bc2157266de926cb01cc6bbc3b81,9373
tmp-self-calibrating-diffractive-ncomms-20260430T010105Z,code/project-scripts/environment_smoke_test.py,duplicate-by-hash,archive/legacy_imports/tmp-self-calibrating-diffractive-ncomms-20260429-134216/code/project-scripts/environment_smoke_test.py,33301e628655452168b0824c95c369d3c8e192b0734b814ffc3a9d905e64b6ac,3036
tmp-self-calibrating-diffractive-ncomms-20260430T010105Z,code/project-scripts/round6_numpy_passive_d2nn.py,copied,archive/legacy_imports/tmp-self-calibrating-diffractive-ncomms-20260430T010105Z/code/project-scripts/round6_numpy_passive_d2nn.py,96cf5a73b0e2692934c6ec3ef29838113db989257101c24d7874f036ddc53a91,13409
tmp-self-calibrating-diffractive-ncomms-20260430T010105Z,code/project-scripts/minimal_passive_d2nn_protocol.md,duplicate-by-hash,archive/legacy_imports/tmp-self-calibrating-diffractive-ncomms-20260429-134216/code/project-scripts/minimal_passive_d2nn_protocol.md,ca9acc6e3a370937e05e69e728f886bbf62867ff2973571a0cef8f6df88acae3,835
tmp-self-calibrating-diffractive-ncomms-20260430T010105Z,code/config/round6_config_template.json,copied,archive/legacy_imports/tmp-self-calibrating-diffractive-ncomms-20260430T010105Z/code/config/round6_config_template.json,adbc0f7f6bd289c83bb7888a88781eab56e32dcffb3f626925cb7dbf496d2cf4,720
user_files,01-1-.txt,copied,archive/input_sources/01-1-.txt,ddc1c992322e12d73b110a1dbb42071f962dd5a1d0a1b056e2f087c871e1404d,20076
user_files,01-markdown-1-md-10,copied,archive/input_sources/01-markdown-1-md-10,48a0206056fdd8d031e083a6d768b8a0776cfe356609e9b9aceeb89387ad6f2a,23771
user_files,01-markdown-1-md-11,copied,archive/input_sources/01-markdown-1-md-11,02010552b02453fec121a9733d3384bc1c0ac2453e5b9775e2d528c091f8468c,24064
user_files,01-markdown-1-md-8,copied,archive/input_sources/01-markdown-1-md-8,48a0206056fdd8d031e083a6d768b8a0776cfe356609e9b9aceeb89387ad6f2a,23771
